feature,importance
actor1,0.7867033556701689
country,0.085284736235078
region,0.06207709427660884
year,0.04647727897963211
time_precision,0.01071377435930518
day_of_week,0.00443775611939042
month,0.004306004359816588
